BEGIN TRANSACTION;
CREATE TABLE IF NOT EXISTS "Customers" (
	"customer_id"	INTEGER,
	"name"	TEXT,
	"email"	TEXT UNIQUE,
	"phone"	TEXT,
	"address"	TEXT,
	PRIMARY KEY("customer_id" AUTOINCREMENT)
);
CREATE TABLE IF NOT EXISTS "Genres" (
	"genre_id"	INTEGER,
	"name"	TEXT,
	PRIMARY KEY("genre_id" AUTOINCREMENT)
);
CREATE TABLE IF NOT EXISTS "Movies" (
	"movie_id"	INTEGER,
	"title"	TEXT,
	"release_year"	INTEGER,
	"genre_id"	INTEGER,
	"rating"	TEXT,
	"stock"	INTEGER,
	FOREIGN KEY("genre_id") REFERENCES "Genres"("genre_id"),
	PRIMARY KEY("movie_id" AUTOINCREMENT)
);
CREATE TABLE IF NOT EXISTS "Rentals" (
	"rental_id"	INTEGER,
	"customer_id"	INTEGER,
	"movie_id"	INTEGER,
	"rental_date"	DATETIME DEFAULT CURRENT_TIMESTAMP,
	"return_date"	DATETIME,
	"status"	TEXT,
	FOREIGN KEY("customer_id") REFERENCES "Customers"("customer_id"),
	FOREIGN KEY("movie_id") REFERENCES "Movies"("movie_id"),
	PRIMARY KEY("rental_id" AUTOINCREMENT)
);
CREATE TABLE IF NOT EXISTS "Payments" (
	"payment_id"	INTEGER,
	"rental_id"	INTEGER,
	"payment_date"	DATETIME DEFAULT CURRENT_TIMESTAMP,
	"amount"	REAL,
	"method"	TEXT,
	FOREIGN KEY("rental_id") REFERENCES "Rentals"("rental_id"),
	PRIMARY KEY("payment_id" AUTOINCREMENT)
);
INSERT INTO "Customers" ("customer_id","name","email","phone","address") VALUES (1,'Alice Smith','alice@example.com','1234567890','123 Elm Street'),
 (2,'Alice Smith','alice1@example.com','1234567890','123 Elm Street'),
 (3,'Bob Johnson','bob@example.com','9876543210','456 Oak Avenue'),
 (4,'Charlie Brown','charlie@example.com','5551112222','789 Pine Lane'),
 (5,'Daisy Lane','daisy@example.com','4445556666','321 Maple Blvd'),
 (6,'Ethan Cross','ethan@example.com','8889990000','111 Birch Dr'),
 (7,'Fiona Gray','fiona@example.com','3334445555','654 Cedar St'),
 (8,'George Hill','george@example.com','7778889999','987 Walnut Rd'),
 (9,'Hannah Dean','hannah@example.com','2223334444','132 Poplar Ct'),
 (10,'Ian Black','ian@example.com','6667778888','753 Willow Pkwy'),
 (11,'Julia Lake','julia@example.com','9990001111','101 Cherry Hill'),
 (12,'Kevin Frost','kevin@example.com','1112223333','404 Riverdale Ave'),
 (13,'Laura Page','laura@example.com','1231231234','909 Summit Dr'),
 (14,'Matt Ford','matt@example.com','2225558888','848 Valley Rd'),
 (15,'Nina Watts','nina@example.com','3334447777','102 Brookside Blvd'),
 (16,'Oscar Wild','oscar@example.com','4446669999','205 Mountain View'),
 (17,'Penny Blue','penny@example.com','5557770000','808 Ocean Way'),
 (18,'Quinn Stone','quinn@example.com','6668882222','707 Sunrise Ln'),
 (19,'Rachel Moon','rachel@example.com','7779993333','606 Sunset Blvd'),
 (20,'Steve Night','steve@example.com','8881114444','505 Rainy Rd'),
 (21,'Tina Gale','tina@example.com','9992225555','303 Stormy St'),
 (22,'Uma Reed','uma@example.com','1114447777','909 Spring Hollow'),
 (23,'Victor Nash','victor@example.com','2226668888','131 Autumn Ct'),
 (24,'Wendy Sharp','wendy@example.com','3337779999','232 Evergreen Ave'),
 (25,'Xander Bright','xander@example.com','4448881111','343 Highland Rd'),
 (26,'Yara Blaze','yara@example.com','5559992222','454 Meadow View'),
 (27,'Zane Gold','zane@example.com','6661113333','565 Ridge Rd'),
 (28,'Aaron Night','aaron@example.com','7772224444','676 Horizon Blvd'),
 (29,'Bella Woods','bella@example.com','8883335555','787 Moonlight Path'),
 (30,'Carl Stone','carl@example.com','9994446666','898 Forest Creek'),
 (31,'Alice Smith','alice.smith01@example.com','1234567890','123 Elm Street'),
 (32,'Bob Johnson','bob.johnson02@example.com','9876543210','456 Oak Avenue'),
 (33,'Charlie Brown','charlie.brown03@example.com','5551112222','789 Pine Lane'),
 (34,'Daisy Lane','daisy.lane04@example.com','4445556666','321 Maple Blvd'),
 (35,'Ethan Cross','ethan.cross05@example.com','8889990000','111 Birch Dr'),
 (36,'Fiona Gray','fiona.gray06@example.com','3334445555','654 Cedar St'),
 (37,'George Hill','george.hill07@example.com','7778889999','987 Walnut Rd'),
 (38,'Hannah Dean','hannah.dean08@example.com','2223334444','132 Poplar Ct'),
 (39,'Ian Black','ian.black09@example.com','6667778888','753 Willow Pkwy'),
 (40,'Julia Lake','julia.lake10@example.com','9990001111','101 Cherry Hill'),
 (41,'Kevin Frost','kevin.frost11@example.com','1112223333','404 Riverdale Ave'),
 (42,'Laura Page','laura.page12@example.com','1231231234','909 Summit Dr'),
 (43,'Matt Ford','matt.ford13@example.com','2225558888','848 Valley Rd'),
 (44,'Nina Watts','nina.watts14@example.com','3334447777','102 Brookside Blvd'),
 (45,'Oscar Wild','oscar.wild15@example.com','4446669999','205 Mountain View'),
 (46,'Penny Blue','penny.blue16@example.com','5557770000','808 Ocean Way'),
 (47,'Quinn Stone','quinn.stone17@example.com','6668882222','707 Sunrise Ln'),
 (48,'Rachel Moon','rachel.moon18@example.com','7779993333','606 Sunset Blvd'),
 (49,'Steve Night','steve.night19@example.com','8881114444','505 Rainy Rd'),
 (50,'Tina Gale','tina.gale20@example.com','9992225555','303 Stormy St'),
 (51,'Uma Reed','uma.reed21@example.com','1114447777','909 Spring Hollow'),
 (52,'Victor Nash','victor.nash22@example.com','2226668888','131 Autumn Ct'),
 (53,'Wendy Sharp','wendy.sharp23@example.com','3337779999','232 Evergreen Ave'),
 (54,'Xander Bright','xander.bright24@example.com','4448881111','343 Highland Rd'),
 (55,'Yara Blaze','yara.blaze25@example.com','5559992222','454 Meadow View'),
 (56,'Zane Gold','zane.gold26@example.com','6661113333','565 Ridge Rd'),
 (57,'Aaron Night','aaron.night27@example.com','7772224444','676 Horizon Blvd'),
 (58,'Bella Woods','bella.woods28@example.com','8883335555','787 Moonlight Path'),
 (59,'Carl Stone','carl.stone29@example.com','9994446666','898 Forest Creek'),
 (60,'Dana Field','dana.field30@example.com','3332221111','303 Morning Dew St');
INSERT INTO "Genres" ("genre_id","name") VALUES (1,'Action'),
 (2,'Comedy'),
 (3,'Drama'),
 (4,'Action'),
 (5,'Comedy'),
 (6,'Drama'),
 (7,'Horror'),
 (8,'Romance'),
 (9,'Sci-Fi'),
 (10,'Documentary'),
 (11,'Thriller'),
 (12,'Animation'),
 (13,'Fantasy');
INSERT INTO "Movies" ("movie_id","title","release_year","genre_id","rating","stock") VALUES (1,'Inception',2010,1,'PG-13',5),
 (2,'The Hangover',2009,2,'R',3),
 (3,'The Godfather',1972,3,'R',2),
 (6,'Titanic',1997,5,'PG-13',3),
 (8,'Toy Story',1995,9,'G',5),
 (9,'The Matrix',1999,6,'R',6),
 (10,'Finding Nemo',2003,9,'G',5),
 (11,'Get Out',2017,4,'R',4),
 (12,'The Conjuring',2013,4,'R',4),
 (13,'Star Wars',1977,6,'PG',7),
 (14,'Avengers: Endgame',2019,1,'PG-13',10),
 (15,'Joker',2019,3,'R',6),
 (16,'Frozen',2013,9,'PG',5),
 (17,'The Notebook',2004,5,'PG-13',3),
 (18,'John Wick',2014,1,'R',5),
 (19,'The Social Dilemma',2020,7,'PG-13',2),
 (20,'Shrek',2001,9,'PG',4),
 (21,'It',2017,4,'R',3),
 (22,'Interstellar',2014,6,'PG-13',6),
 (23,'The Irishman',2019,3,'R',2),
 (24,'Coco',2017,9,'PG',5),
 (25,'The Pursuit of Happyness',2006,3,'PG-13',4),
 (26,'Inside Out',2015,9,'PG',5),
 (27,'Parasite',2019,3,'R',3),
 (28,'Soul',2020,9,'PG',4),
 (29,'Tenet',2020,6,'PG-13',5),
 (30,'1917',2019,3,'R',2),
 (31,'Up',2009,9,'PG',4),
 (32,'The Lion King',1994,9,'G',5);
INSERT INTO "Rentals" ("rental_id","customer_id","movie_id","rental_date","return_date","status") VALUES (1,1,5,'2024-12-01','2024-12-05','returned'),
 (2,2,12,'2025-01-03','2025-01-10','returned'),
 (3,3,1,'2025-01-05',NULL,'rented'),
 (4,4,3,'2025-01-07','2025-01-15','returned'),
 (5,5,8,'2025-01-09',NULL,'rented'),
 (6,6,10,'2025-01-10','2025-01-14','returned'),
 (7,7,2,'2025-01-11','2025-01-18','returned'),
 (8,8,4,'2025-01-13',NULL,'late'),
 (9,9,7,'2025-01-15','2025-01-20','returned'),
 (10,10,9,'2025-01-16','2025-01-22','returned'),
 (11,11,11,'2025-01-17',NULL,'rented'),
 (12,12,13,'2025-01-18','2025-01-24','returned'),
 (13,13,6,'2025-01-20','2025-01-26','returned'),
 (14,14,14,'2025-01-21',NULL,'late'),
 (15,15,15,'2025-01-22','2025-01-29','returned'),
 (16,16,16,'2025-01-23',NULL,'rented'),
 (17,17,17,'2025-01-24','2025-01-30','returned'),
 (18,18,18,'2025-01-25','2025-01-31','returned'),
 (19,19,19,'2025-01-26',NULL,'rented'),
 (20,20,20,'2025-01-27','2025-02-02','returned'),
 (21,21,21,'2025-01-28','2025-02-03','returned'),
 (22,22,22,'2025-01-29',NULL,'rented'),
 (23,23,23,'2025-01-30','2025-02-04','returned'),
 (24,24,24,'2025-01-31','2025-02-05','returned'),
 (25,25,25,'2025-02-01',NULL,'rented'),
 (26,26,26,'2025-02-02','2025-02-07','returned'),
 (27,27,27,'2025-02-03','2025-02-08','returned'),
 (28,28,28,'2025-02-04',NULL,'late'),
 (29,29,29,'2025-02-05','2025-02-09','returned'),
 (30,30,30,'2025-02-06','2025-02-10','returned');
INSERT INTO "Payments" ("payment_id","rental_id","payment_date","amount","method") VALUES (1,1,'2024-12-05',4.99,'credit card'),
 (2,2,'2025-01-10',3.99,'cash'),
 (3,4,'2025-01-15',6.49,'paypal'),
 (4,6,'2025-01-14',5.99,'credit card'),
 (5,7,'2025-01-18',4.49,'cash'),
 (6,9,'2025-01-20',5.99,'paypal'),
 (7,10,'2025-01-22',3.99,'credit card'),
 (8,12,'2025-01-24',4.99,'cash'),
 (9,13,'2025-01-26',5.49,'credit card'),
 (10,15,'2025-01-29',6.99,'paypal'),
 (11,17,'2025-01-30',4.99,'cash'),
 (12,18,'2025-01-31',3.99,'credit card'),
 (13,20,'2025-02-02',4.99,'credit card'),
 (14,21,'2025-02-03',5.49,'paypal'),
 (15,23,'2025-02-04',6.49,'cash'),
 (16,24,'2025-02-05',5.99,'credit card'),
 (17,26,'2025-02-07',3.99,'paypal'),
 (18,27,'2025-02-08',4.49,'cash'),
 (19,29,'2025-02-09',5.99,'credit card'),
 (20,30,'2025-02-10',6.99,'paypal');
COMMIT;
